node_id,x_coord,y_coord
0,-109.737644,34.355858
1,-109.7869698,34.3412929
2,-109.787003,34.3431201
3,-109.7884891,34.3412585
4,-109.786218,34.3412815
5,-109.7782179,34.3413417
6,-109.8439838,34.345125
7,-109.788403,34.301335
8,-109.7883991,34.3014166
9,-109.7860822,34.2561989
10,-109.7857884,34.2578596
11,-109.7277667,34.2700626
12,-109.71528,34.278451
13,-109.7499777,34.272105
14,-109.7494802,34.2747706
15,-109.737858,34.251763
16,-109.736809,34.250847
17,-109.735679,34.25181
18,-109.8049838,34.2925765
19,-109.7548099,34.3249931
20,-109.7517687,34.3273542
21,-109.7545982,34.324797
22,-109.8099206,34.272382
23,-109.8154122,34.2731541
24,-109.82267,34.2855395
25,-109.788449,34.33761
26,-109.7884199,34.3394442
27,-109.795765,34.3376318
28,-109.7872068,34.3373469
29,-109.7870902,34.3369759
30,-109.7869863,34.3351558
31,-109.7870656,34.3304289
32,-109.7438702,34.340007
33,-109.791536,34.264126
34,-109.77811,34.223086
35,-109.768162,34.222761
36,-109.7683786,34.2741662
37,-109.7686529,34.27243
38,-109.7616509,34.2724052
39,-109.7616555,34.2731058
40,-109.7606541,34.3425137
41,-109.7383863,34.3225503
42,-109.7351333,34.3226415
43,-109.7277581,34.3228172
44,-109.7278408,34.3300331
45,-109.8209453,34.2411893
46,-109.8137542,34.2899737
47,-109.8137952,34.2831541
48,-109.74343,34.255487
49,-109.7413044,34.2571606
50,-109.803578,34.288736
51,-109.8380552,34.2273166
52,-109.8209747,34.235667
53,-109.760843,34.2865558
54,-109.7540912,34.2725728
55,-109.8477484,34.3123935
56,-109.7781978,34.3351807
57,-109.7935484,34.3303639
58,-109.7935738,34.3324091
59,-109.758531,34.294321
60,-109.757478,34.29443
61,-109.804826,34.295928
62,-109.804742,34.299547
63,-109.7125578,34.2572966
64,-109.7960736,34.2868753
65,-109.793868,34.2905353
66,-109.7894541,34.2931857
67,-109.803369,34.222236
68,-109.799812,34.223999
69,-109.836768,34.2287762
70,-109.759447,34.233647
71,-109.759482,34.233199
72,-109.7781406,34.3322661
73,-109.7798611,34.3322715
74,-109.750254,34.286433
75,-109.750268,34.287235
76,-109.7724471,34.2797237
77,-109.7616976,34.3522907
78,-109.7616966,34.3541057
79,-109.740064,34.251762
80,-109.739981,34.250043
81,-109.740606,34.249426
82,-109.721046,34.22916
83,-109.720256,34.232906
84,-109.749485,34.315465
85,-109.8313119,34.2869111
86,-109.7530066,34.300989
87,-109.7529626,34.3009892
88,-109.8397081,34.2802908
89,-109.720474,34.2573874
90,-109.7201956,34.2581519
91,-109.758393,34.288253
92,-109.758395,34.288056
93,-109.758751,34.29003
94,-109.758783,34.289762
95,-109.751363,34.3437185
96,-109.716568,34.22968
97,-109.717307,34.232479
98,-109.725354,34.229092
99,-109.725896,34.229919
100,-109.708475,34.228373
101,-109.709524,34.229976
102,-109.711298,34.230346
103,-109.702493,34.237627
104,-109.7891862,34.25792
105,-109.7891788,34.2552455
106,-109.7884025,34.2805263
107,-109.7947665,34.2823196
108,-109.7966813,34.2799423
109,-109.7783835,34.2721629
110,-109.7808413,34.2721978
111,-109.726507,34.2575879
112,-109.7869867,34.3449499
113,-109.7799302,34.3449214
114,-109.779888,34.3431345
115,-109.7560958,34.3263204
116,-109.7347357,34.2719544
117,-109.728054,34.281014
118,-109.7546284,34.2900009
119,-109.7538519,34.2985566
120,-109.7898511,34.2784138
121,-109.7944775,34.2794611
122,-109.790177,34.276619
123,-109.7898939,34.2780878
124,-109.7815087,34.26676
125,-109.7791548,34.2649363
126,-109.7815773,34.2649743
127,-109.8143178,34.2475179
128,-109.7367516,34.3185682
129,-109.730974,34.224039
130,-109.7262055,34.228665
131,-109.7447727,34.3213233
132,-109.7383666,34.2708049
133,-109.7384,34.26902
134,-109.745087,34.293627
135,-109.747239,34.293649
136,-109.749419,34.293671
137,-109.74729,34.288381
138,-109.745109,34.287604
139,-109.7898922,34.2411349
140,-109.7154353,34.354362
141,-109.7279259,34.2864505
142,-109.7191906,34.2869184
143,-109.726372,34.288353
144,-109.736715,34.2773
145,-109.733983,34.277524
146,-109.735461,34.353431
147,-109.735407,34.355263
148,-109.73538,34.357096
149,-109.7321041,34.3571654
150,-109.733266,34.280957
151,-109.731883,34.28029
152,-109.729691,34.280996
153,-109.729943,34.280597
154,-109.7521615,34.3300735
155,-109.8308377,34.3450698
156,-109.73681,34.251763
157,-109.7321579,34.3553575
158,-109.7278437,34.3554177
159,-109.7278809,34.3536383
160,-109.7869428,34.3212915
161,-109.8035135,34.2525552
162,-109.7366831,34.3468371
163,-109.7457196,34.3416899
164,-109.8325256,34.3533606
165,-109.74264,34.351596
166,-109.7426293,34.351926
167,-109.744108,34.275373
168,-109.736742,34.275468
169,-109.7604655,34.3207933
170,-109.7605203,34.3210465
171,-109.7586309,34.351051
172,-109.7595338,34.3485969
173,-109.7536697,34.3447195
174,-109.7536589,34.3465266
175,-109.775242,34.228345
176,-109.7682546,34.2321362
177,-109.7646989,34.3186807
178,-109.7753624,34.3449418
179,-109.7782116,34.3431213
180,-109.778499,34.259039
181,-109.77847,34.258956
182,-109.7545778,34.2935988
183,-109.758823,34.294772
184,-109.7872729,34.2867241
185,-109.7440246,34.2714435
186,-109.7439875,34.2717573
187,-109.744079,34.273564
188,-109.744054,34.277206
189,-109.744055,34.279015
190,-109.744029,34.280847
191,-109.744002,34.28268
192,-109.744003,34.284512
193,-109.7439363,34.2862737
194,-109.7561856,34.3500627
195,-109.7957793,34.3324869
196,-109.7957231,34.3412145
197,-109.737674,34.3518954
198,-109.745008,34.300841
199,-109.747216,34.300863
200,-109.7506872,34.3009478
201,-109.736689,34.279087
202,-109.728136,34.279296
203,-109.797993,34.222075
204,-109.8310258,34.3341955
205,-109.8321716,34.3342051
206,-109.740956,34.3373844
207,-109.7424258,34.3386956
208,-109.7520067,34.3421682
209,-109.753778,34.3422236
210,-109.7578217,34.3424074
211,-109.7951809,34.2776107
212,-109.7790775,34.2762428
213,-109.7791113,34.2686015
214,-109.7753116,34.2685786
215,-109.7738496,34.2685599
216,-109.7367937,34.2706252
217,-109.7366446,34.2718838
218,-109.736741,34.273613
219,-109.73669,34.280919
220,-109.736663,34.282752
221,-109.736636,34.284584
222,-109.7365838,34.2863741
223,-109.7746197,34.2721282
224,-109.7777149,34.2760782
225,-109.7526778,34.2754964
226,-109.7793236,34.2774069
227,-109.7579791,34.3414987
228,-109.7412245,34.3412107
229,-109.7367326,34.3416506
230,-109.7392072,34.3358961
231,-109.7394629,34.3360978
232,-109.811192,34.29957
233,-109.7959358,34.2994854
234,-109.795829,34.297439
235,-109.7547189,34.2864977
236,-109.7449911,34.2863795
237,-109.8156515,34.2924377
238,-109.8213446,34.2914898
239,-109.8295695,34.290014
240,-109.7360328,34.3450157
241,-109.7521462,34.3310765
242,-109.7459234,34.3360201
243,-109.760606,34.355947
244,-109.7694445,34.3559593
245,-109.778077,34.3559851
246,-109.8350978,34.3568677
247,-109.7716186,34.2867628
248,-109.7780452,34.286763
249,-109.7426452,34.3332549
250,-109.7659983,34.3168613
251,-109.7735468,34.3093265
252,-109.780303,34.3057275
253,-109.8156217,34.2896652
254,-109.828806,34.287362
255,-109.8377565,34.2858123
256,-109.7365114,34.3380267
257,-109.8113274,34.2959576
258,-109.7606327,34.3441437
259,-109.76064,34.34493
260,-109.7606264,34.3468264
261,-109.7607338,34.3486764
262,-109.760663,34.354115
263,-109.7605695,34.3568409
264,-109.7451921,34.2618067
265,-109.752487,34.260543
266,-109.7749781,34.2602084
267,-109.8488981,34.2230066
268,-109.7909241,34.2579609
269,-109.7789402,34.258843
270,-109.741319,34.2575054
271,-109.7780257,34.275253
272,-109.777927,34.2793629
273,-109.7779927,34.2822016
274,-109.7739257,34.3083392
275,-109.815606,34.2955393
276,-109.769438,34.3504539
277,-109.7368526,34.3471112
278,-109.7424657,34.3504229
279,-109.7447509,34.352548
280,-109.7447708,34.3569102
281,-109.760869,34.288291
282,-109.760951,34.290055
283,-109.7609211,34.2918716
284,-109.761023,34.29779
285,-109.749121,34.3510253
286,-109.7490358,34.3570065
287,-109.769422,34.34498
288,-109.7694364,34.3468042
289,-109.7694186,34.3486392
290,-109.7694334,34.3522974
291,-109.769444,34.3541042
292,-109.728055,34.282823
293,-109.728055,34.284678
294,-109.7781053,34.3540704
295,-109.7506522,34.3445877
296,-109.7506119,34.3463848
297,-109.7443892,34.3347089
298,-109.7469374,34.3569316
299,-109.7469241,34.3510153
300,-109.7448422,34.348194
301,-109.7527792,34.3381818
302,-109.7428565,34.3334564
303,-109.7473396,34.3373756
304,-109.7496356,34.3380489
305,-109.7457055,34.3386343
306,-109.7563519,34.3383501
307,-109.754646,34.3382526
308,-109.7521247,34.3336192
309,-109.7538289,34.3415816
310,-109.74499,34.3443209
311,-109.7482838,34.344498
312,-109.7959293,34.2965226
313,-109.7615195,34.3486761
314,-109.7536669,34.3483721
315,-109.8221379,34.2948507
316,-109.7781093,34.352245
317,-109.7846267,34.3024306
318,-109.7805927,34.301978
319,-109.7797423,34.3050641
320,-109.78146,34.304116
321,-109.7859533,34.3018219
322,-109.75364,34.3501312
323,-109.7686093,34.3304668
324,-109.778208,34.330508
325,-109.72456,34.249721
326,-109.8306837,34.3524927
327,-109.7545847,34.2917896
328,-109.7755162,34.2269964
329,-109.7546545,34.2882252
330,-109.7555775,34.3534227
331,-109.7325846,34.2701807
332,-109.8386458,34.2856524
333,-109.8486928,34.2839112
334,-109.7036055,34.2574937
335,-109.7195566,34.2573206
336,-109.7233762,34.2576072
337,-109.724615,34.249664
338,-109.7573602,34.356928
339,-109.7719715,34.2851382
340,-109.8309881,34.3378478
341,-109.767414,34.222158
342,-109.7524566,34.2310659
343,-109.8035792,34.2907835
344,-109.7960699,34.2924827
345,-109.8305674,34.3123344
346,-109.750309,34.321337
347,-109.7481637,34.3190275
348,-109.7481735,34.3213529
349,-109.7524411,34.321357
350,-109.7514479,34.3243593
351,-109.8220587,34.3232261
352,-109.8308283,34.3232702
353,-109.7590985,34.3164389
354,-109.778202,34.346769
355,-109.8306002,34.3051076
356,-109.7367207,34.3381859
357,-109.778261,34.33692
358,-109.724529,34.240783
359,-109.796036,34.294199
360,-109.7938515,34.294176
361,-109.793815,34.2922712
362,-109.7524895,34.3163857
363,-109.7524895,34.3181579
364,-109.7524895,34.3199567
365,-109.7530551,34.3232282
366,-109.7592272,34.3181668
367,-109.7575857,34.3201783
368,-109.774597,34.2821701
369,-109.7441046,34.2535989
370,-109.7485131,34.2535668
371,-109.8307271,34.3570367
372,-109.8308133,34.2996961
373,-109.742465,34.257474
374,-109.7412413,34.2545684
375,-109.735101,34.253321
376,-109.8337551,34.2769023
377,-109.8337229,34.2739279
378,-109.7575243,34.3543474
379,-109.7448275,34.3509885
380,-109.922531,34.231755
381,-109.941005,34.258547
382,-109.867848,34.281785
383,-109.907612,34.301169
384,-109.9456226,34.3011075
385,-109.946368,34.301173
386,-109.917998,34.245432
387,-109.920893,34.27119
388,-109.889161,34.33079
389,-109.851431,34.281493
390,-109.8525723,34.2832347
391,-109.895027,34.23927
392,-109.885787,34.240915
393,-109.918143,34.27144
394,-109.918216,34.271647
395,-109.918617,34.271578
396,-109.860087,34.222342
397,-109.877378,34.237063
398,-109.9371651,34.3048702
399,-109.9370857,34.3066945
400,-109.9370835,34.3085135
401,-109.936812,34.312144
402,-109.941283,34.315899
403,-109.941729,34.31626
404,-109.916493,34.319219
405,-109.912843,34.321125
406,-109.918809,34.275697
407,-109.914231,34.314025
408,-109.893163,34.276107
409,-109.875661,34.247668
410,-109.9578192,34.3188382
411,-109.947473,34.258035
412,-109.941171,34.259807
413,-109.914728,34.315921
414,-109.914178,34.315923
415,-109.918103,34.24616
416,-109.928332,34.222489
417,-109.8932415,34.3536603
418,-109.8928216,34.3452394
419,-109.897468,34.330712
420,-109.935239,34.268671
421,-109.940883,34.289539
422,-109.899686,34.244789
423,-109.908854,34.345414
424,-109.908161,34.330582
425,-109.878649,34.316138
426,-109.940398,34.257563
427,-109.944702,34.267022
428,-109.9571261,34.3304972
429,-109.9565612,34.3234635
430,-109.9553746,34.3240762
431,-109.909661,34.315947
432,-109.918843,34.315926
433,-109.936425,34.326666
434,-109.9224,34.326779
435,-109.95683,34.34169
436,-109.955861,34.324763
437,-109.9568428,34.3247797
438,-109.909828,34.309097
439,-109.906578,34.309074
440,-109.909869,34.30507
441,-109.9523684,34.312138
442,-109.943084,34.312079
443,-109.939367,34.312118
444,-109.940291,34.353533
445,-109.939517,34.356579
446,-109.9576593,34.3168453
447,-109.940306,34.34535
448,-109.943137,34.315703
449,-109.918807,34.330401
450,-109.8511777,34.2227923
451,-109.9550039,34.3174009
452,-109.945724,34.3066347
453,-109.9457594,34.3048214
454,-109.9457321,34.3084616
455,-109.936291,34.329842
456,-109.940392,34.342413
457,-109.956993,34.325496
458,-109.956303,34.325519
459,-109.936618,34.319336
460,-109.956523,34.326229
461,-109.957103,34.326252
462,-109.952437,34.265721
463,-109.947984,34.3048378
464,-109.918833,34.3195
465,-109.9502414,34.3084541
466,-109.9567146,34.3241409
467,-109.906411,34.301495
468,-109.906634,34.312071
469,-109.914286,34.31206
470,-109.8487118,34.2751126
471,-109.7607261,34.3302953
472,-109.7411521,34.3375594
473,-109.7520389,34.3437539
474,-109.7273181,34.2612981
475,-109.7260398,34.2698088
476,-109.7120406,34.270775
477,-109.720228,34.2650015
478,-109.726148,34.2701315
479,-109.7179201,34.2600963
480,-109.7179093,34.2628868
481,-109.7243241,34.2637236
482,-109.726426,34.2637264
483,-109.7209621,34.2601135
484,-109.7241335,34.2675231
485,-109.7141514,34.2600543
486,-109.7148614,34.2641363
487,-109.7148601,34.2600591
488,-109.7102285,34.2500276
489,-109.7101809,34.2432934
490,-109.7091818,34.257354
491,-109.7024407,34.2502349
492,-109.7119406,34.2572914
493,-109.7118001,34.265096
494,-109.7102756,34.2519654
495,-109.7238529,34.2618257
496,-109.9384418,34.3085106
497,-109.9578133,34.3223059
498,-109.9572017,34.3434006
499,-109.9560693,34.3419279
500,-109.9579091,34.3444835
501,-109.9566018,34.3450385
502,-109.9576974,34.3179795
503,-109.9579238,34.3478191
504,-109.8321848,34.2811563
505,-109.7367275,34.2575357
506,-109.7395466,34.2645425
507,-109.8164277,34.3485668
508,-109.8220323,34.3486629
509,-109.8219814,34.3569627
510,-109.7555584,34.3549917
511,-109.8319723,34.286276
512,-109.7395297,34.3203357
513,-109.7245841,34.2464752
514,-109.7190865,34.2464629
515,-109.8297858,34.2221656
516,-109.7684843,34.3303917
517,-109.8045212,34.3377551
518,-109.8011099,34.3441221
519,-109.7426522,34.3524609
520,-109.7731643,34.3486089
521,-109.7730982,34.3504436
522,-109.7720695,34.3522815
523,-109.835155,34.355155
524,-109.8373752,34.3551674
525,-109.8483806,34.3552289
526,-109.8374046,34.3571461
527,-109.8213137,34.2999803
528,-109.8155623,34.300071
529,-109.8258083,34.3002692
530,-109.8253862,34.2907439
531,-109.813534,34.2955594
532,-109.8112547,34.2977516
533,-109.8484492,34.3050952
534,-109.8443207,34.3051216
535,-109.8443467,34.3123867
536,-109.8442032,34.312387
537,-109.8446315,34.3155398
538,-109.8394075,34.3159733
539,-109.8308246,34.3160135
540,-109.8114211,34.2952193
541,-109.7997146,34.2965877
542,-109.7435873,34.343036
543,-109.8195556,34.3195806
544,-109.8133264,34.3268008
545,-109.8220614,34.3268453
546,-109.7640123,34.330341
547,-109.8247513,34.330424
548,-109.8309604,34.3305261
549,-109.7607122,34.3320492
550,-109.7575145,34.3338196
551,-109.8340658,34.3378513
552,-109.8441425,34.3407006
553,-109.7718459,34.3413174
554,-109.7798124,34.3413297
555,-109.7610574,34.3413501
556,-109.7648367,34.3413375
557,-109.8089201,34.2995619
558,-109.8088937,34.3089916
559,-109.7935161,34.3174103
560,-109.7869089,34.3195111
561,-109.7799209,34.32126
562,-109.7945138,34.3303641
563,-109.793325,34.3394186
564,-109.7929657,34.3431147
565,-109.7649915,34.3504893
566,-109.7636593,34.3522924
567,-109.7675277,34.3522957
568,-109.7778116,34.2904184
569,-109.7800058,34.2904295
570,-109.7829042,34.2904442
571,-109.7850365,34.290457
572,-109.7894663,34.2905002
573,-109.7960574,34.2905593
574,-109.7978358,34.2905799
575,-109.80051,34.2910243
576,-109.8068652,34.2913879
577,-109.7800059,34.2917693
578,-109.8012664,34.2920053
579,-109.7960679,34.2922737
580,-109.8048127,34.2923585
581,-109.7805175,34.2923698
582,-109.7793201,34.2939804
583,-109.7804664,34.2939882
584,-109.7828788,34.2940047
585,-109.7960274,34.295048
586,-109.79993,34.2952637
587,-109.7850147,34.2968588
588,-109.7939047,34.2984724
589,-109.7826553,34.3003614
590,-109.7859829,34.3003913
591,-109.7851384,34.3031362
592,-109.7789123,34.3054654
593,-109.8142834,34.2773778
594,-109.812976,34.2778157
595,-109.8129906,34.2783357
596,-109.8142789,34.2784271
597,-109.8117563,34.2792611
598,-109.8142512,34.2798439
599,-109.8129966,34.2798617
600,-109.7651965,34.304897
601,-109.7673794,34.3049068
602,-109.7698907,34.3120214
603,-109.8171773,34.2722546
604,-109.8003801,34.2727016
605,-109.8045963,34.2764287
606,-109.8072235,34.276444
607,-109.8088971,34.2764538
608,-109.8045447,34.2790663
609,-109.8004062,34.2791247
610,-109.8088593,34.2808015
611,-109.8088226,34.2816551
612,-109.750524,34.3473356
613,-109.7490702,34.3571234
614,-109.7594108,34.301146
615,-109.7278125,34.325633
616,-109.7447705,34.3284606
617,-109.733845,34.3009667
618,-109.7338273,34.3034738
619,-109.7364881,34.3185988
620,-109.7141547,34.3196657
621,-109.7278889,34.3199112
622,-109.7366888,34.2726757
623,-109.7316463,34.2733349
624,-109.7024954,34.3446657
625,-109.7104436,34.3566356
626,-109.7653768,34.273828
627,-109.7642448,34.2756563
628,-109.7660767,34.2757029
629,-109.7677343,34.2757099
630,-109.7696018,34.2757344
631,-109.7640684,34.2762257
632,-109.761374,34.2761817
633,-109.7628017,34.2762202
634,-109.7790451,34.2771022
635,-109.7790287,34.2776094
636,-109.7666937,34.2779865
637,-109.7789464,34.2792175
638,-109.7612536,34.2795666
639,-109.7666247,34.2796646
640,-109.7694551,34.2797034
641,-109.7745712,34.2796284
642,-109.780031,34.2830092
643,-109.7798309,34.2867248
644,-109.7732309,34.2867808
645,-109.7597548,34.3399076
646,-109.75984,34.3399808
647,-109.7598474,34.3401481
648,-109.7596562,34.3424762
649,-109.8010599,34.2770063
650,-109.7996435,34.2770085
651,-109.8004334,34.2770121
652,-109.8009631,34.2776325
653,-109.7998447,34.2776357
654,-109.8004378,34.2776389
655,-109.7812892,34.2867247
656,-109.7812973,34.2878401
657,-109.7807166,34.2958699
658,-109.7828654,34.2958866
659,-109.7639921,34.3324435
660,-109.702922,34.2716165
661,-109.764938,34.2721255
662,-109.7680251,34.2721987
663,-109.7648096,34.2727472
664,-109.7655489,34.2728272
665,-109.7675574,34.2730447
666,-109.7654323,34.2735531
667,-109.7355752,34.351867
668,-109.7511132,34.2396096
669,-109.731084,34.2400174
670,-109.7332862,34.2400242
671,-109.7278701,34.2400452
672,-109.7298864,34.2400737
673,-109.7342511,34.240083
674,-109.729756,34.2409807
675,-109.7149734,34.2416821
676,-109.7310136,34.2427059
677,-109.7296757,34.2427078
678,-109.7278635,34.2427105
679,-109.7355281,34.2430953
680,-109.7310386,34.2435832
681,-109.7332465,34.2436255
682,-109.7354146,34.2436536
683,-109.7305391,34.2436677
684,-109.7355508,34.2441885
685,-109.7245819,34.2462437
686,-109.7660866,34.2571947
687,-109.7693715,34.2546106
688,-109.7660233,34.2565277
689,-109.7749839,34.261282
690,-109.7783105,34.2613314
691,-109.7803878,34.2613623
692,-109.7837746,34.2619334
693,-109.7714393,34.2629851
694,-109.7738433,34.2644034
695,-109.7836437,34.2686295
696,-109.7837015,34.2686543
697,-109.7837056,34.2714609
698,-109.7472305,34.2717988
699,-109.7674975,34.271979
700,-109.7680814,34.2720286
701,-109.7614709,34.2736394
702,-109.7653455,34.2741078
703,-109.7520443,34.2744491
704,-109.7680857,34.2747841
705,-109.747127,34.2760288
706,-109.7513025,34.2760855
707,-109.7524042,34.2761611
708,-109.7514128,34.2768627
709,-109.7593633,34.2770098
710,-109.7518119,34.2770487
711,-109.7484064,34.2772421
712,-109.7508432,34.2772956
713,-109.7551368,34.2780434
714,-109.7470688,34.2784071
715,-109.7508741,34.2785118
716,-109.7519066,34.2785619
717,-109.7599072,34.2788594
718,-109.7470434,34.2794474
719,-109.7601917,34.2795704
720,-109.7572463,34.2795977
721,-109.7544811,34.2804483
722,-109.7571883,34.2811128
723,-109.7760151,34.2816003
724,-109.777077,34.2818155
725,-109.7723007,34.282068
726,-109.7758547,34.2821818
727,-109.7773318,34.2821955
728,-109.7693524,34.2851242
729,-109.769152,34.2867154
730,-109.7668632,34.2597659
731,-109.7637336,34.2623103
732,-109.7749268,34.2765774
733,-109.7777509,34.2768866
734,-109.7631287,34.2509437
735,-109.8291473,34.2287726
736,-109.8289467,34.241334
737,-109.8424308,34.2289677
738,-109.8413426,34.2303028
739,-109.841331,34.2311694
740,-109.782868,34.2867245
741,-109.7828511,34.2882268
742,-109.7858054,34.254873
743,-109.7858912,34.2578618
744,-109.7804107,34.2585668
745,-109.7858316,34.2605626
746,-109.7772128,34.2649053
747,-109.7836666,34.2649465
748,-109.7924523,34.2649867
749,-109.7941902,34.2994576
750,-109.7885606,34.3187316
751,-109.8429637,34.2769065
752,-109.8444587,34.2799494
753,-109.835234,34.2799698
754,-109.8381131,34.2824123
755,-109.8445167,34.2846437
756,-109.8419264,34.2850874
757,-109.8021762,34.33490412
758,-109.745142,34.23577645
759,-109.764499,34.3406578
760,-109.7704402,34.34933742
761,-109.7655648,34.28385863
762,-109.7705976,34.27684643
763,-109.7698425,34.35337843
764,-109.771032,34.28510577
765,-109.8286169,34.28824493
766,-109.8639271,34.30009985
767,-109.7428025,34.23302692
768,-109.8288394,34.29096155
769,-109.8236759,34.23469553
770,-109.8271277,34.29499744
771,-109.7692931,34.28497604
772,-109.7429383,34.32044823
773,-109.7667794,34.26071895
774,-109.7740085,34.28573184
775,-109.7465382,34.352229
776,-109.7714714,34.28005427
777,-109.7543827,34.3216357
778,-109.766998,34.2597067
779,-109.7706542,34.34982812
780,-109.7440966,34.35481512
781,-109.7657497,34.25932121
782,-109.7653897,34.258997
783,-109.7403151,34.32075426
784,-109.7534085,34.32133444
785,-109.7507173,34.35260752
786,-109.7739339,34.28012073
787,-109.8147863,34.34594755
788,-109.8235671,34.351437
789,-109.7665773,34.35552195
790,-109.7710729,34.2850147
791,-109.8246198,34.29019022
792,-109.8234445,34.35126404
793,-109.7605575,34.28249164
794,-109.7714096,34.34829374
795,-109.7784287,34.2745735
796,-109.7152705,34.24313862
797,-109.8172816,34.31981558
798,-109.7696532,34.25491705
799,-109.8259053,34.34911927
800,-109.7392019,34.3374044
801,-109.7237703,34.33811305
802,-109.7738788,34.2861741
803,-109.8159007,34.34731137
804,-109.7573636,34.27924512
805,-109.7661588,34.28393555
806,-109.7798451,34.2700066
807,-109.7669882,34.28588035
808,-109.7441846,34.3528346
809,-109.8193994,34.29134015
810,-109.7805979,34.26993425
811,-109.7673523,34.34901644
812,-109.7686064,34.28423502
813,-109.7769573,34.35623971
814,-109.7991103,34.33579015
815,-109.7740768,34.28261432
816,-109.7467274,34.23991551
817,-109.7732778,34.2801101
818,-109.7813153,34.2882047
819,-109.7787162,34.274887
820,-109.7947421,34.31618437
821,-109.765279,34.34825761
822,-109.8259017,34.34897854
823,-109.8107544,34.28270045
824,-109.7703118,34.25400238
825,-109.7464159,34.35472135
826,-109.7681278,34.34821363
827,-109.7410835,34.3207492
828,-109.7618829,34.34802461
829,-109.7411096,34.3350954
830,-109.7777604,34.35716095
831,-109.747439,34.35414871
832,-109.7797193,34.26889422
833,-109.7697927,34.25519539
834,-109.7655518,34.2592602
835,-109.7420772,34.33509488
836,-109.7375146,34.34095755
837,-109.7717171,34.28219585
838,-109.7727244,34.28118024
839,-109.8183275,34.29107381
840,-109.7157063,34.2426825
841,-109.7830273,34.270912
842,-109.7788616,34.2748141
843,-109.7761138,34.3563144
844,-109.7698086,34.3538473
845,-109.7799289,34.2698627
846,-109.7992977,34.33588243
847,-109.7507522,34.35504665
848,-109.715827,34.24315066
849,-109.820526,34.23603661
850,-109.8230939,34.2969872
851,-109.8246425,34.23481817
852,-109.7714077,34.35263928
853,-109.7701294,34.27701105
854,-109.7441078,34.35485595
855,-109.7719454,34.34820581
856,-109.8096548,34.2823539
857,-109.7735986,34.34632553
858,-109.768523,34.25502977
859,-109.7738933,34.28497157
860,-109.7477143,34.35141395
861,-109.7744949,34.2828976
862,-109.8016766,34.3357638
863,-109.7806944,34.26821252
864,-109.8225742,34.23564368
865,-109.7723446,34.28473149
866,-109.8112651,34.29120948
867,-109.7475451,34.35511202
868,-109.7785384,34.2750288
869,-109.8268497,34.31703985
870,-109.8215391,34.35061575
871,-109.824385,34.31720402
872,-109.7812688,34.2697602
873,-109.7741304,34.35523381
874,-109.7678939,34.2854607
875,-109.8038975,34.34235918
876,-109.8041517,34.33846625
877,-109.7451126,34.33206091
878,-109.7149862,34.24228158
879,-109.81009,34.2826959
880,-109.827669,34.22963309
881,-109.8255316,34.23472999
882,-109.7148048,34.2416091
883,-109.7749755,34.27640624
884,-109.753819,34.3222029
885,-109.7819364,34.27094795
886,-109.7698513,34.35355722
887,-109.7432014,34.232707
888,-109.8266227,34.29354135
889,-109.778539,34.27492265
890,-109.7593027,34.35708884
891,-109.816102,34.34732065
892,-109.757615,34.35637803
893,-109.7574827,34.27916604
894,-109.7828594,34.27181925
895,-109.7691727,34.25641595
896,-109.7411079,34.3354518
897,-109.7398473,34.31825595
898,-109.7517026,34.35603215
899,-109.800844,34.344134
900,-109.782356,34.26777994
901,-109.8241568,34.2349773
902,-109.8715454,34.3055141
903,-109.8093283,34.2831461
904,-109.7688762,34.2753337
905,-109.8116662,34.29111641
906,-109.7708279,34.34895405
907,-109.7726818,34.28021165
908,-109.7739968,34.28193255
909,-109.823907,34.35444478
910,-109.8303316,34.22884013
911,-109.7371527,34.3414043
912,-109.7377789,34.31882495
913,-109.8235804,34.35452467
914,-109.7811748,34.27183001
915,-109.7681779,34.27642661
916,-109.8275026,34.22877797
917,-109.821107,34.35155524
918,-109.7945543,34.31654025
919,-109.7798651,34.2691794
920,-109.8230699,34.35689187
921,-109.7685581,34.25484488
922,-109.8213602,34.23603456
923,-109.8203936,34.29105943
924,-109.8289845,34.29703605
925,-109.7724233,34.28220712
926,-109.7315118,34.2737986
927,-109.740138,34.3376365
928,-109.8164263,34.29093733
929,-109.8230677,34.34949101
930,-109.7727667,34.28212095
931,-109.816577,34.34732615
932,-109.8040995,34.3385288
933,-109.7764816,34.27036608
934,-109.7372933,34.34027265
935,-109.7829807,34.26914531
936,-109.7720682,34.28009058
937,-109.7770919,34.3563832
938,-109.7508656,34.23925623
939,-109.7816797,34.270493
940,-109.7992952,34.3358052
941,-109.8019948,34.33543445
942,-109.7444809,34.35272478
943,-109.8714361,34.30576723
944,-109.8098002,34.28272036
945,-109.7426611,34.32098827
946,-109.8295746,34.29392813
947,-109.7692038,34.26360564
948,-109.8212684,34.30071276
949,-109.7761348,34.27069454
950,-109.7691667,34.27708302
951,-109.7401711,34.32065508
952,-109.7715807,34.2848903
953,-109.7381125,34.31863157
954,-109.821451,34.30049711
955,-109.7400044,34.3203995
956,-109.7689215,34.34628608
957,-109.771789,34.3470298
958,-109.7602339,34.3559029
959,-109.766977,34.27515425
960,-109.8023435,34.31415878
961,-109.8272112,34.29494495
962,-109.7438038,34.33356668
963,-109.7572233,34.35667314
964,-109.8184971,34.34965325
965,-109.7411315,34.32043652
966,-109.769688,34.3532708
967,-109.7679644,34.275368
968,-109.7664566,34.35560647
969,-109.8150182,34.23701145
970,-109.7402067,34.32046065
971,-109.8182073,34.29146673
972,-109.7689656,34.25733417
973,-109.7702088,34.34929135
974,-109.7702901,34.34706243
975,-109.7812996,34.26920536
976,-109.7630979,34.34036163
977,-109.7242242,34.33824463
978,-109.8096171,34.283129
979,-109.7552295,34.3224253
980,-109.7458614,34.23555747
981,-109.8105428,34.28263452
982,-109.7464751,34.35425185
983,-109.7725187,34.3492205
984,-109.7690744,34.35626065
985,-109.7697131,34.26374645
986,-109.7741631,34.28140518
987,-109.7854771,34.28877265
988,-109.7743793,34.28313085
989,-109.8098498,34.28350312
990,-109.7735706,34.2862827
991,-109.7667119,34.28218355
992,-109.8197865,34.23498143
993,-109.7587458,34.27779636
994,-109.8229154,34.34950135
995,-109.7726015,34.34709859
996,-109.7735072,34.35636757
997,-109.7743467,34.28000985
998,-109.8095234,34.28272585
999,-109.8215221,34.30058065
1000,-109.8281406,34.2881127
1001,-109.773033,34.28075812
1002,-109.8180314,34.29122795
1003,-109.7753026,34.27625895
1004,-109.7723536,34.34834217
